step,tree,eval_action_accuracy,eval_output_log_loss,eval_kendall_tau,eval_entropy,eval_l2_win_prob_loss
50000,params_ema,0.0625,30.972634990531034,-0.020227146218686404,1.3206341544786296e-06,0.17382592230247246
100000,params_ema,0.03125,506.0964269357424,0.04546015956741692,3.8371217630351806e-25,0.17382593242976285
500000,params_ema,0.03125,710.8074144088134,0.04546015956741692,0.0,0.17382593242976285
1000000,params_ema,0.03125,750.3393170405787,0.04546015956741692,0.0,0.17382593242976285
